edge_server_id,Name,longitude,latitude
10000002,Fort Hill Wharf DARWIN,116.36833,39.90514
10000003,Cnr Castlereagh & Lethbri PENRITH,116.58302,40.05052
10000004,Optus 50m Lattice Tower 71 Eastward Road Utakarra,116.4545278,39.95381622
10000006,6 Knuckey Street Darwin,116.22488,39.84733
10000007,Cape Wickham Links Clubhouse KING ISLAND,116.1684347,39.81974279
10000008,LPON02 1 Tucki Road TUCKI,116.3366891,39.96131955
10000009,LPON06 Ocean Side Hotel 100 Booner Street HAWKS NEST,116.7891743,39.779026
10000010,LPON09 1057 Kurmond Road NORTH RICHMOND,116.4449294,39.90308361
10000011,LPON15 90 High Street WEDDERBURN,116.23359,39.86246
10000012,LPON19 Glen Huon Primary School 9 Monash Bvd EATON,116.7641951,40.14045089
10000013,LPON20 45 Millbridge Bvd MILLBRIDGE,116.1325925,40.25756254
10000014,LPON21 Bethanie Elanora 37 Hastie Street SOUTH BUNBURY,116.05799,39.64065
10000015,LPON 22 Foodworks Building 3/2-6 Byron Street BANGALOW,116.35849,39.83611
10000016,LPON 27 Location 8392 Harders-Chitty Road TOODYAY,116.4434578,39.82568405
10000017,LPON 28 21 Hassell Close TOODYAY,116.2821609,39.95767437
10000018,LPON29 8 Webster Road COWARAMUP,116.3399261,40.03888909
10000019,LPON30 53 Yungarra Drive DUNSBOROUGH,116.58615,39.6394
10000020,LPON32 23 Willmotts Road HARRISVILLE,116.78962,39.67419
10000021,LPON33 Talawana Track JIGALONG,116.363453,39.847675
10000022,LPON34 14-18 Brooks Drive KOORALBYN,116.09681,39.88813
10000023,LPON38 Esperance Christian School 2 Blake Street ESPERANCE,116.4802778,39.97378146
10000024,13 Spring St Melbourne,116.6080433,39.69517619
10000025,183-187 Northbourne Rd Campbellfield,116.5458616,40.10299378
10000026,85 Vincent Road Morwell,116.56165,39.72213
10000027,Glenview Park McNairn Road Traralgon,116.65541,39.90996
10000028,Dulux Store Harris Avenue MARSDEN PARK,116.4065949,39.89185
10000029,Costco Docklands 381-383 Footscray Road DOCKLANDS,116.2099026,39.7542
10000030,14-18 Bent Street BENTLEIGH,116.183678,39.915858
10000031,27 Holbeche Road ARNDELL PARK,116.44493,39.82442
10000032,Belgrave Heights Christian School Wattle Valley Road BELGRAVE,116.5046442,40.00996421
10000033,319 Settlement Road THOMASTOWN,116.540306,40.17628
10000034,VHA Rooftop Site Casula Mall Cnr Ingham Dr and Kurrajong Rd CASULA,116.36651,39.88188
10000035,VHA Rooftop Site Craigieburn Central 306/330-332 Grand Blvd CRAIGIEBURN,116.4459,39.87223
10000036,cnr George & Alfred Streets SYDNEY,116.29375,39.88514
10000037,Smart Pole 367 George Street SYDNEY,116.4117928,39.95686179
10000038,cnr George and Hay Streets SYDNEY,116.41883,39.72406
10000039,Ibero-American Plaza Chalmers Street SURRY HILLS,116.3682005,39.89711838
10000040,Moore Park Tunnel West South Dowling Street MOORE PARK,116.56486,40.06415
10000041,Randwick Depot TPS off Alison Road RANDWICK,116.48607,39.9119
10000042,cnr Avoca and High Streets RANDWICK,116.3934286,39.62389057
10000043,UNSW opposite NIDA Anzac Parade KENSINGTON,116.4227,39.86426
10000044,cnr Anzac Parade and Sturt Street KINGSFORD,116.05578,39.73149
10000045,Lilyfield Light Rail Stop cnr City Link West and Catherine Street LILYFIELD,116.78962,39.67419
10000046,Hawthorne Light Rail Station off Hawthorne Parade HABERFIELD,116.44596,39.95119
10000047,Taverners Hill Light Rail Station off Hathern Street LEICHHARDT,116.29375,39.88514
10000048,Randwick Racecourse TPS Alison Road RANDWICK,116.3494245,39.93790509
10000049,SCT Logistics 7 Westlink Court ALTONA,116.5652929,40.0719675
10000050,Dynon Rollingstock Maintenance Facility Gate K Dynon Road WEST MELBOURNE,116.1571333,40.12130212
10000051,Wallan Station Station Street WALLAN EAST,116.7185267,39.82466556
10000052,Sale Station Pettit Drive SALE,116.3468503,39.90462676
10000054,GCS Communications Tower Rear 39 Great Eastern Highway KALGOORLIE,116.3130748,39.86096277
10000055,Works Depot Boundary Rd Weipa,116.48844,40.09973
10000057,Construction Crane 17 Wickham Street  EAST PERTH,116.30233,39.9226
10000058,Tower Crane 570 William Street MT LAWLEY,116.10046,39.95979
10000059,Adjacent to Water Reservoir 382 Walker Street Townsville City,116.3236,39.98331
10000060,13-39 Pilbara Street Welshpool,116.48008,39.95777
10000061,Construction site Mitchell Freeway extension Clarkson,116.501928,39.865328
10000062,772 Ballan Rd WYNDHAM VALE,116.4108348,39.93006705
10000063,Opal Creek Feedlot Lot 154 New Dunmore Rd DUNMORE,116.39722,39.93427
10000064,Lot 1 Burke Development Rd DUGALD RIVER,116.4632906,39.69744958
10000065,Cnr Showground Access Rd and Showground Rd CASTLE HILL,116.3971905,39.79554696
10000066,Station Radio Site Station St BAYSWATER,116.40241,39.99431466
10000067,18 Burnett Rd WARNER VALE,116.20395,39.82317
10000068,66-78 Tootal Rd SPRINGVALE,116.24768,40.01017
10000069,Site 1 34-38 Webb Dr BOHLE,116.4863603,39.92689771
10000070,Site 2 34-38 Webb Dr BOHLE,116.6061112,40.3077484
10000071,Site 3 34-38 Webb Dr BOHLE,116.60956,39.75944
10000072,30 Embleton Ave EMBLETON,116.3579313,39.86850194
10000073,1 Hargreaves St UNANDERRA,116.40783,39.85568
10000074,66 Harts Rd INDOOROOPILLY,116.33848,39.60395
10000075,Point Clare Public School Cnr Brisbane Water Dr and Takari Ave POINT CLARE,116.78966,39.77889
10000076,DGPS Site Warrego Hwy 8km SE of CHINCHILLA,116.3434073,39.96634182
10000077,1 Gocup Rd TUMUT,116.35043,39.90774
10000078,Cnr Mapleton and Flemington Rds FRANKLIN,116.6275336,40.24063818
10000079,87-109 Port Douglas Rd PORT DOUGLAS,116.44493,39.82442
10000080,11 Nelson Dr GRIFFITH,116.5662798,40.07201767
10000083,846 Nundubbermere Rd STANTHORPE,116.30346,39.97886
10000084,Ravenswood Interchange Midland Hwy BENDIGO,116.3414537,39.97339438
10000085,Construction Site River Run Circuit ORMEAU HILLS,116.20392,39.96828
10000086,1-7 Vision St DANDENONG SOUTH,116.3811219,39.85561556
10000087,18-24 Villas Rd DANDENONG SOUTH,116.41071,39.98366
10000088,62-68 Ovens St Wangaratta,116.3239976,39.8956227
10000089,Newman St Wangaratta,116.2586,39.87516
10000090,Waste Depot Chimney Dyrring Rd Fern Gully,116.37365,39.83956
10000091,View Street THE PONDS,116.14138,39.69754
10000092,Deflector Mine Morawa-Yalgoo Road (2.5km SSW of) YALGOO,116.4113915,39.90479463
10000093,Oaks Southbank 57-61 City Road SOUTHBANK,116.31636,39.96428
10000094,VHA COW Leisure Centre Car Park Friday Drive THREDBO,116.00828,39.70334
10000095,SES Reg Office City Point 101 Sturt St TOWNSVILLE,116.748615,40.06220273
10000096,87 - 103 Epsom Rd ROSEBURY,116.22496,39.87456
10000097,1 Doriemus Dr TRUGANINA,116.36856,39.89674
10000098,"Marngoneet Correctional Centre, Karrenga 1200 Bacchus Marsh Road Lara",116.3305348,39.8963892
10000099,Forum Theatre Corner Russell and Flinders Streets Melbourne,116.34628,39.86072
100001,32-34 Binary Street Yatala,116.31975,39.93564
10000100,NBN Co Site 115 - 117 Mollenhauers Road Peak Crossing,116.5112367,39.95004056
10000101,Telstra/Vodafone Site Highfields Queenscliff-Portarlington Rd MARCUS HILL,116.3419,40.00806
10000102,NBN Co Site 46 Hughes Road Purga,116.4801408,39.8556575
10000103,NBN Co Site 740 Mt Ridley Road Mickleham,116.32516,40.0556
10000104,NBN Co Site 148 Chintin Road Monegeetta,116.4242824,39.85599381
10000105,18/20 Brindabella Circuit Canberra Airport,116.19551,40.04831
10000106,NBN Co Site Lot 819 Doghill Road Baldivis,116.29667,39.9628
10000107,Mining Area C Terminal  Newman Area C Mine,116.40973,40.00015
10000108,33 Progress Dr Coconut Grove,116.43172,39.8984
10000109,Moe Service Centre and Library 19 George St Moe,116.54162,39.75753
10000110,NBNCo Lot 504 Great Northern Highway Chittering,116.2768559,40.01095259
10000111,Mount Lawley Senior High School 65 Woodsome Street Mount Lawley,116.30486,39.98429
10000112,Motorola Warehouse 2/59-63 Mooringe Avenue Plympton,116.56571,40.07088
10000113,Motorola Solutions Australia 2/54 Sydenham Road Norwood,116.55876,40.00187
10000114,NBNCo 2186 Wanneroo Road Nowergup,116.2915725,39.96538625
10000117,NBNCo Lot 342 Old Toodyay Road Red Hill,116.48008,39.95777
10000118,"Optus monopole, Taree Cundletown 17301 Pacific Highway CUNDLETOWN",116.07728,39.66532
10000119,INPEX Tower off Wickham Point Road BLAYDIN POINT,116.3938432,39.90447789
10000120,Target Southport Cnr Ferry and Benowa Rd Southport,116.3236,39.98331
10000121,Perth Stadium Victoria Park Dr Burswood,116.44935,39.96565
10000122,Ultimate Karting 40 Anderson Rd Smeaton Grange,116.45538,39.9186
10000123,35 Victoria Ave Chelmer,116.4173668,39.94708245
10000124,River Run Circuit Ormeau Hills,116.3945378,39.96781902
10000125,Nambucca Cres  Pimpama,116.62371,39.6547
10000126,Gainsborough Green Yawalpah Rd Pimpama,116.35582,39.9805
10000127,Riverstone Crossing Upper Coomera,116.48675,39.88156
10000128,The Vale Ridgevale Blvd Holmview,116.3049543,40.0856406
10000129,Serenity Cove Serenity Cove Serenity Blvd Helensvale,116.336155,39.84657
10000130,CityLife Church Whittlesea 70 Kingsway Drive Lalor,116.44312,39.82556
10000131,19 - 23 Felix St Lutwyche,116.4885728,40.03059632
10000132,Inflatable World Castle Hill 3/18 Anella Ave Castle Hill,116.25869,39.8986
10000133,Inflatable World Taree 47 Muldoon St Taree,116.2649211,39.97139263
10000134,Construction Site Gateway Mwy and Bruce Hwy Merge BALD HILLS,116.3272124,39.9237556
10000135,52 Merivale St SOUTH BRISBANE,116.34212,39.88987
10000136,Cnr Girrahween and Torrens Sts BRADDON,116.4177768,39.98760837
10000137,27 Lonsdale St BRADDON,116.5983075,39.9117605
10000138,Woolworths Box Hill Cnr Main Street & Station Street Box Hill,116.5453529,39.93570137
10000139,16 - 17 Dequetteville Terrace Kent Town,116.42437,39.89188
10000140,21 Wellington Rd Clayton,116.44366,39.82555316
10000141,Warrnambool Hotel Cnr Koroit and Kepler Streets Warrnambool,116.36232,39.92373
10000142,Transfer Station & Landfill Lot 170 Killaloe Dump Rd Killaloe,116.39625,39.83506
10000143,10 Bellevue Terrace West Perth,116.29687,39.97103
10000144,"Watpac Site, Cornishman Mine Forrestania Southern Cross Road Southern Cross",116.40371,39.86382
10000145,Circus Oz Birrarung Marr MELBOURNE,116.32809,39.90954
10000146,1891 Botany Road Matraville,116.336903,39.97683957
10000147,46 Villiers Street NORTH MELBOURNE,116.467405,39.92257474
10000148,Crane 2 111 Mary Street BRISBANE,116.3258112,39.83117317
10000149,Crane 1 111 Mary Street BRISBANE,116.44128,39.91634
10000150,97 Stirling Street Northbridge,116.5827627,40.07715773
10000151,Lake Buffalo Node Off Mt Buggery Track Dandongadale,116.23359,39.86246
10000152,20 Mile Hill (6.3km N of) WITCHELINA STATION,116.5096,40.00841
10000153,Lookout Hill (15km SE of) HILTABA HOMESTEAD,116.29082,39.93965
10000154,12 Bonython Street WINDSOR,116.44047,39.83944053
10000155,"Waterpoint Building 5 Harbourside Court Biggera Waters, 4216",116.09143,39.91304
10000156,NBN Co Site 264 Gossage Road Oldbury,116.2892158,39.88882237
10000157,"NBN Co Site Lot 47, 217 Shanley Road Mardella",116.39268,39.88115
10000158,NBN Co 68-78 Holloway Road Chambers Flat,116.47165,39.89865
10000159,6 Woolpack Road Bacchus Marsh,116.35375,39.91084
10000160,NBN Co 168 Loves Road Woongoolba,116.43446,39.92278
10000161,NBN Co 59-67 Pine Forest Way Tamborine,116.45983,40.01291
10000162,NBNCo 200 Evans Road Lovely Banks,116.32516,40.0556
10000163,Shepparton Police Station 155 Welsford Street SHEPPARTON,116.25612,39.97252
10000164,Trend Windows and Doors Complex 92 Canterbury Road Bayswater North,116.4538717,39.92936835
10000165,NBN Co Site Lot 600 Hopkinson Road HILBERT,116.45712,39.91218
10000166,"NBN Co Site NBN Co Site, 182 Wandi Drive Wandi",116.3783887,39.86217718
10000167,NBN Co Site 83 Pony Place Oakford,116.31174,40.03619
10000168,NBN Co Site 74 Oxley Road Forrestdale,116.29829,39.89605
10000169,NBN Co Site 400 Kargotich Road Oakford,116.49286,39.99653
10000170,NBN Co Site 65 McCorkill Road Pickering Brook,116.36598,39.94086
10000171,NBN Co Site 301 Amarillo Drive Karnup,116.5231253,39.97436655
10000172,NBN Co Site Lot 33 Foster Road Baldivis,116.2987209,39.90920168
10000173,NBN Co 94 Phillips Hill Road Bull Creek,116.504774,39.93303
10000174,NBN Co 121 Pound Road Macclesfield,116.3152355,39.90410966
10000175,"NBN Co NBN Co Site, 1176 Back Callington Rd Callington",116.41848,39.9727
10000176,NBN Co 2039 Old Princess Highway Kanmantoo,116.32599,39.93682
10000177,NBN Co Lot 301 Long Valley Road Bugle Ranges,116.39722,39.93427
10000178,NBNCo 790 Wisemans Ferry Road Somersby,116.30476,39.92691
10000179,Cnr Clunies Ross and Dickson Road Acton,116.2864397,39.98093212
10000182,Soko 17-21 Duncan St WEST END,116.3140415,39.89907375
10000183,2-6 Railway Road CHELTENHAM,116.54975,40.06784
10000184,NBN Co 85 Fairfield Lane Darraweit Guim,116.7856649,40.08031979
10000185,NBNCo 213 Yarramalong Road Wyong Creek,116.46617,39.83722
10000186,NBNCo 400 Comleroy Road Kurrajong,116.3217677,40.01455487
10000187,NBN Co Site 3450 Frankston - Flinders Road MERRICKS,116.37865,39.983815
10000188,NBNCo 700 Derril Road Moorooduc,116.431866,39.96706725
10000189,NBNCo 325 Myers Road Merricks North,116.34205,39.89542
10000190,NBNCo 234 Myers Road Balnarring,116.2904991,39.87656595
10000191,NBN Co 1084 Stumpy Gully Road MOOROODUC,116.3532048,39.88804793
10000192,NBN Co Site 505 Berwick Road Narre Warren East,116.47075,39.96542
10000193,NBNCo 368 ONeil Road Officer,116.17596,39.89098
10000194,NBNCo 127 Grant Road BAXTER,116.52448,39.87147
10000195,NBNCo 44 Bungower Road Somerville,116.37503,39.95257
10000196,NBNCo 137-145 Smiths Lane Pearcedale,116.3366275,39.89105125
10000197,NBNCo Cardinia Road Cardinia,116.3828263,39.83946543
10000198,NBNCo 28 Scott Road Cranbourne South,116.43795,39.93660167
10000199,NBNCo 83 Shoreham Road Red Hill South,116.36375,39.83048
100002,NBNCo 433 Truemans Road Boneo,116.29375,39.88514
10000200,Heinemann Water Tank Site 275 Heinemann Rd Mt. Cotton,116.4688034,39.91192943
10000201,Optus/Vodafone Site Water Tank Blooms Rd NORTH WARRANDYTE,116.40969,39.96753
10000202,Serpentine Creek Site 153 Serpentine Creek Rd Redland Bay,116.27497,39.86944
10000203,Perth Police Complex 2 Fitzgerald Street NORTHBRIDGE,116.3039981,39.93634806
10000204,7-9 Cliff Rd EPPING,116.30486,39.98429
10000205,12-14 Mandible St ALEXANDRIA,116.05799,39.64065
10000206,Douglas Station via 3377 Stuart Hwy DOUGLAS DALY,116.3763126,39.90390888
10000207,DGPS Site McNichols Ln COSTERFIELD,116.32049,39.89226
10000212,37 Archer St TOOWONG,116.31636,39.96428
10000213,Red Hill 9km NNE of CHINCHILLA,116.3429445,39.87326909
10000215,Matong State Forest Deepwater Rd MATONG,116.431,39.98265
10000216,COW Trailer Near El Alamein Camp Cultana,116.3333,39.8834
10000217,Telstra Site LOT 123 Coolgardie-Esperance Highway Salmon Gums,116.78123,40.12911
10000218,Telstra Site 3723 Windellama Road Windellama,116.4556047,39.89563844
10000219,3 Pettys Lane DONCASTER,116.42231,40.04193
10000220,Cnr Pitt and Bathurst Sts SYDNEY,116.4414705,39.91638762
10000221,Orana Ponds via Chinchilla Tara Rd CROSSROADS,116.4275852,39.86863114
10000222,2321 Mitchell Hwy MOLONG,116.34708,39.99186
10000223,72 McIntyres Ln GULMARRAD,116.4266859,40.02588108
10000224,COW Central CCT BYRON  BAY,116.34324,39.87211
10000225,Tasmanet Rooftop Site 11-13 Coraki St CHIGWELL,116.48879,39.9705
10000226,Tasmanet Rooftop Site 40 Main Rd Huonville,116.2694824,39.81094759
10000227,NBN Co 190 Davies Road SCOTTSDALE,116.38046,39.86979
10000228,"NBN Co NBN Co Site, 228 Los Angelos Rd SWAN BAY",116.47784,39.84782
10000229,NBN Co 70 Citrus Road PALMWOODS,116.3653232,39.85000892
10000230,NBN Co 267 Valdora Road Valdora,116.43964,39.95508
10000231,NBN Co 72-74 Bracken Fern Road Yandina,116.42729,40.00725
10000232,NBN Co 184 Kirra Road Maroochy River,116.3832,39.9061
10000233,NBN Co 96 Willandra Place Kureelpa,116.29763,39.95514
10000234,NBN Co 526 Image Flat Road Kureelpa,116.434375,39.85805875
10000235,NBN Co 711 Ilkley Road TANAWHA,116.3606742,39.95724667
10000236,NBN Co 2 Nambour Connection Road Woombye,116.3570596,39.9105686
10000237,NBN Co 22 Wills Road Weyba Downs,116.46511,39.92455
10000238,NBN Co 811 Eumundi Noosa Road Doonan,116.3395,39.96437
10000239,NBN Co Site 32 De Vere Road KUREELPA,116.43446,39.92278
10000240,Site shed 1 Epping Road North Ryde,116.4665,39.89209
10000241,NBN Co Site Lot 102 Forsyths Road Peak Crossing,116.44366,39.82559
10000242,NBN Co Site 118 Queen Street Harrisville,116.2935,39.92285
10000243,NBN Co Site 179 - 201 Russells Road Pine Mountain,116.48879,39.9705
10000244,NBN Co Site 55 Bill Morrow Road Peak Crossing,116.41335,40.02066
10000245,NBN Co Site 739 Riverside Drive Pine Mountain,116.37098,39.92443
10000246,NBN Co 217 Kengoon Road Kents Lagoon,116.3531688,40.08269977
10000247,NBN Co 4 Williams Road Pinnacle,116.2107983,39.91241902
10000248,NBN Co 452 Numinbah Road Nobbys Creek,116.55456,40.11141
10000249,DGPS Transmitter Nicholson Road PIARA WATERS,116.42231,40.04193
10000250,50 Hoey St AYR,116.35251,40.0137
10000251,Alcoa Kwinana Residue Storage Area N Cnr Abercrombie & Anketell Roads Hope Valley,116.33535,39.8905
10000252,NBN Co Site Tomewin Mountain Road Currumbin Valley,116.44935,39.96565
10000253,NBN Co Site 209 Old Wingello Road TALLONG,116.22496,39.87456
10000254,NBN Co Site 360 Booerie Creek Road Booerie Creek,116.48607,39.9119
10000255,Meltonwest 206 Coburns Road MELTON WEST,116.3962795,39.8912078
10000256,RINGWOOD-V 21 PINE CR RINGWOOD NORTH,116.46086,40.01462
10000258,Palm Lake Resort 272 Fryar Road Eagleby,116.48366,39.9466
10000259,Halls Head Central Shopping Centre 14 Guava Way Halls Head,116.32473,39.92356
10000260,TasNetwork Depot 20 Clive Street ST MARYS,116.4831,39.98862
10000262,TasNetworks Jericho Town Hall Jericho Road JERICHO,116.51135,39.93883
10000263,Pilot Station 91 Foreshore Road Port Kembla,116.22983,39.88887
10000264,"GoldNet Mast off Davyhurst Goongarrie Road, 51 km SW of Menzies",116.4149069,39.96751288
10000265,Lygon Court Shopping Centre 380 Lygon Street CARLTON,116.2934933,39.835435
10000266,Telstra Site 9 Maynard Drive Epsom,116.4391,39.8619
10000267,"Telstra Radio Tower Lake Awoonga, 4km north of Boynedale",116.3788935,39.83406838
10000268,3/104 McKinnon Road Pinelands,116.3994571,39.96094911
10000269,Roof Top 6 Marvell Street Byron Bay,116.44441,40.02073
10000270,439 Koloona Drive Watersleigh,116.27074,40.02783
10000271,Fire Tower Off Cumaum Forest Road Cumaum,116.2888633,39.8927093
10000272,Power Station Lot 748 Laramba,116.42785,39.93087
10000273,35-45 Wentworth Ave SYDNEY,116.32862,40.06723
10000274,Telstra Exchange 9 Little Widgee Road Widgee,116.41779,39.88566
10000275,Telstra Site 29 Pine Street Jacobs Well,116.56486,40.06415
10000276,Telstra Site 14 Goodwood Road Wayville,116.3369276,39.89787099
10000277,NBN Co 1403 Alexandrina Road Finniss,116.33922,39.9665
10000278,NBN Co 2105 Plenty Road,116.36856,39.89674
10000279,NBN Co 417-485 Towts Road Whittlesea,116.363,39.94646
10000280,NBN Co 60 Jacks Creek Road Humevale,116.30098,39.96569
10000281,NBN Co Lot 2667 Mulga Drive Parklands,116.42353,39.88911
10000282,NBNCo 140 Blue Plains Road Chittering,116.42785,39.93087
10000283,NBNCo 231 (Lot 89) Horshoe Road Coondle,116.45441,39.9879
10000284,NBNCo Reserve 11625 Lot 2442 Bailup Road WOOROOLOO,116.43396,39.88814
10000285,NBNCo 166 Werribee Road Wundowie,116.36322,39.96603
10000286,NBN Co Site Lot 7681 Harper Road Wooroloo,116.27916,39.94832
10000287,NBN Co Cnr Great Western Hwy and Browns Gap Road Hartley,116.4841646,39.87803805
10000288,Splash Coastal Resort Site Lot 40 Elizabeth Street Merimbula,116.47165,39.89865
10000289,Splash Lake View Avenue Site 1 Lake View Ave Merimbula,116.28226,39.94225
10000290,Splash Hillcrest Site 95-97 Merimbula Drive Merimbula,116.20301,39.91954
10000291,Tower Crane 18 Cecil Avenue CANNINGTON,116.3504511,39.94412578
10000292,425 Somerville Road West Footscray,116.4178985,39.99293231
10000293,Customs House 28 Honeysuckle Drive NEWCASTLE,116.3998888,39.90676379
10000294,972 Rosedale Rd BUNDABERG,116.40234,39.85568
10000295,Construction Site Terminal Dr COOLANGATTA,116.4555044,39.97498815
10000296,131 Russell St MELBOURNE,116.61117,40.16942
10000297,153 Francis Rd WINGFIELD,116.2767057,39.92428262
10000298,75 Northcorp Boulevard Broadmeadows,116.48844,40.09973
10000299,"The Cannon  1053 Wynnum Rd  Cannon Hill, 4170",116.50576,39.910525
10000300,NBNCo 21-39 Clifton Drive North Maclean,116.42041,39.95817
10000301,NBNCo 775 Camp Cable Road Logan Village,116.38865,39.93205
10000302,NBNCo 153-167 Missouri Street Jimboomba,116.3201784,39.88277447
10000303,NBNCo 79-87 Nash Road Jimboomba,116.36329,39.98539
10000304,NBNCo 136 Marks Drive LOGAN VILLAGE,116.29981,39.86597
10000305,NBNCo 104-118 Neville Road Stockleigh,116.363,39.94646
10000306,NBNCo 13-43 Redwood Circle Jimboomba,116.31494,39.88812
10000307,NBN Co Via Lot 102 Rosehill Court MUNDOOLUN,116.48675,39.88156
10000308,NBNCo 2-16 Minugh Road Jimboomba,116.26838,39.89997
10000309,NBNCo 72 Saville Road Allenview,116.78335,40.14553
10000310,NBN Co 1 Barnes Road VERESDALE SCRUB,116.48371,39.97493
10000311,NBNCo 270 Elcho Road Lovely Banks,116.5515,39.93813
10000312,NBNCo 2699 Midland Highway Lethbridge,116.4598702,39.9281
10000313,255 St Georges Terrace Perth,116.20841,39.70316
10000314,UniQlo 250 Heaths Rd HOPPERS CROSSING,116.34067,39.9483
10000315,Officeworks Gladstone 57 Hanson Rd GLADSTONE,116.34819,39.97918403
10000316,17 General Macarthur Place REDBANK,116.50982,40.01087
10000317,Shop 3 1 Malak Place MALAK,116.36647,39.91018
10000318,NBN Co 80 Viney Drive Uleybury,116.30385,39.93002
10000319,NBN Co Lot 13 Needles Road Williamstown,116.45385,39.95329
10000320,NBN Co 72 Curnow Road Waterloo Corner,116.56694,40.07103
10000321,NBN Co 1071 Templars Road Wasleys,116.4206618,39.90277444
10000322,NBN Co 92 Penfield Road Virgina,116.4595511,39.89894946
10000323,NBN Co 398 Alexander Avenue Bibaringa,116.3296358,39.9685003
10000324,NBN Co Gawler Golf Club 129 Williamstown Road Sandy Creek,116.34985,39.94164
10000325,NBN Co 12-14 Flett Road Roseworthy,116.42003,39.9353
10000326,NBN Co Lot 3 Precolumb Road One Tree Hill,116.47437,39.71689
10000327,NBN Co 1194 Boundary Road Lewiston,116.37373,39.93256
10000340,NBN Co Lot 91 Kersbrook Road Humbug Scrub,116.3411,39.85436
10000341,NBN Co 28 Mclaren Hill Road ALTONA,116.44695,39.85963
10000342,RAAF Base Iroquois Ave Amberley,116.42405,39.99288
10000343,NBNCo 531 McKnoe Drive Morangup,116.4677485,40.00351412
10000344,NBNCo 2735 Toodyay Road Gidgegannup,116.63759,39.90417478
10000345,NBNCo 45 Morangup Road Morangup,116.29763,39.95514
10000346,NBNCo 2000 (Lot 2507) Sertorio Road Chidlow,116.30385,39.93002
10000347,NBNCo 1240 Osborne Street Stoneville,116.4024874,39.93038106
10000348,NBNCo Reserve 6203 Cairn Street Sawyers Valley,116.45538,39.9186
10000349,NBNCo 4165 West Swan Road,116.50765,39.93322
10000350,NBNCo 158 Hardwick Road Millendon,116.3499775,39.92464265
10000351,NBNCo 766 Great Northern Highway Herne Hill,116.29687,39.97103
10000352,27 Clarendon Ave Bethania,116.56454,40.07082
10000353,Saltwater Circuit (NW cnr of)  Bruce Highway and Boundary Road NARANGBA,116.3505,39.94438
10000354,Midlands Hwy  (1.5km S of Evandale Rd roundabout) BREADALBANE,116.35849,39.83611
10000355,Cranbourne Park Shopping Centre High Street CRANBOURNE,116.3333,39.8834
10000356,Centre of SLR APS (in front of) 333 George Streeet SYDNEY,116.41848,39.9727
10000358,APS test track cnr City Link West and Catherine Street LILYFIELD,116.3386575,39.95941708
10000359,ACFS E-Depot Melbourne 55-89 Coode Road WEST MELBOURNE,116.5223571,39.91381366
10000360,4 Sage Court Baranduda,116.42695,39.92609
10000361,15 Cartwright Street Wodonga,116.41071,39.98366
10000364,Crowne Plaza Surfers Paradise 2807 Gold Coast Highway SURFERS PARADISE,116.37365,39.83956
10000365,Comms Hut 353 Pye Road Mount Adams,116.3514343,39.95252274
10000366,Glen Eira Sports and Aquatic Centre 200 East Boundary Road BENTLEIGH EAST,116.32743,39.97568
10000367,KurabyWoodridge 10 Laurel Street WOODRIDGE,116.32516,40.0556
10000368,"Mobile Offshore Drilling Unit Ocean Monarch, 160 km North of Port Hedland",116.3059803,39.89676918
10000369,Prexy Pole site Salisbury Highway WINGFIELD,116.221793,39.89986766
10000370,OS310 Blue site  Port Wakefield Road PARAFIELD GARDENS,116.35393,39.90592
10000371,OS304 Red site Port Wakefield Road MAWSON LAKES,116.4399084,39.9237956
10000372,OS302 Green site Port Wakefield Road DRY CREEK,116.45501,39.9082
10000373,Telstra Tower Mine Site 5km South of Wiluna,116.29829,39.89605
10000374,3 Violet Town Rd MOUNT HUTTON,116.31494,39.88812
10000375,Carpark Building off Arrival Drive MELBOURNE AIRPORT,116.29443,39.98196
10000377,200 Bourke Rd ALEXANDRIA,116.3988001,39.97685941
10000378,Theatre Building Tintern Grammar 90 Alexandra Road Ringwood,116.5741229,40.06320059
10000379,Optus COW - Splendour in the Grass LOT 46 Jones Road  WOOYUNG,116.3029533,39.88130487
10000380,VMAT Site 45 Ninth Street Mildura,116.3672172,39.86414333
10000381,VicTrack Radio Hut 45m N of Hastings Railway Station Hastings,116.446266,39.88188143
10000382,26 Breese Street BRUNSWICK,116.39203,39.84075
10000383,Broadcast Site 119 Criddle Street MOUNT MAGNET 119 Criddle Street MOUNT MAGNET,116.49197,39.95951
10000384,3 Mandurah Terrace Mandurah,116.38545,39.90997
10000385,Tranby Primary School 99 Acton Avenue Rivervale,116.4013,39.96714
10000386,58 Reginald St ROCKLEA,116.32599,39.93682
10000387,Telstra Site off Camden Hill Road Targa,116.44421,39.90846
10000388,Telstra Site 82 Patersonia Road Nunamara,116.56486,40.06415
10000389,Telstra Site 50 Cramps Bay Road Cramps Bay,116.36217,39.86856
10000390,Telstra Site Abels Bay Road Abels Bay,116.56694,40.07103
10000391,3/117 The Crescent Fairfield,116.48323,39.97899
10000392,Mount Gravatt Outlook Mount Gravatt Outlook Drive Mount Gravatt,116.39334,39.92234
10000393,CAM851 Port Wakefield Road BURTON,116.395515,39.8332
10000394,OS315 Yellow site  Port Wakefield Road BURTON,116.4186188,39.94600875
10000395,Parkes Hospital IBC 2 Morrissey way Parkes,116.37365,39.83956
10000396,NBN Co Site 142 Eurobodalla Road Bodalla,116.4114562,39.89973136
10000397,NBN Co 665 Stony Chute Road STONY CHUTE,116.40395,39.95537
10000398,Optus site Light pole Intersection of Pittwater Road  Wakehurst Parkway NORTH NARRABEEN,116.09143,39.91304
10000399,Allandale Boggabilla Boggabilla,116.58221,40.07938
10000400,cnr Barclay and Perry Streets NORTH ROCKS,116.38865,39.93205
10000401,Optus Light Pole Intersection of Pittwater Road and Wakehurst Parkway NORTH NARRABEEN,116.40973,40.00015
10000402,St Joseph's Primary Adelong 21-35 Gundagai Street Adelong,116.50765,39.93322
10000403,St Joseph's Primary Bombala 31 Queen Street Bombala,116.32287,39.90567
10000404,Amateur Site Great Alpine Road MT HOTHAM,116.44026,39.87844
10000405,Nike 20 Convention Centre Place SOUTH WHARF,116.35286,39.88791
10000406,Nike Uni Hill 2 Janefield Dr BUNDOORA,116.28226,39.94225
10000407,28 Victoria Cresent ABBOTSFORD,116.4041694,39.91760562
10000408,126-130 Parramatta Rd AUBURN,116.31294,39.90649
10000409,Birkenhead Point SC Roseby St DRUMMOYNE,116.35582,39.9805
10000410,Nike Harbourtown SC Cnr Brisbane Rd and Oxley Dr BIGGERA WATERS,116.39959,39.96318
10000411,DFO 16 Amazons Pl JINDALEE,116.4391,39.8619
10000412,DFO 1 Airport Dr BRISBANE AIRPORT,116.29667,39.9628
10000413,VHA COW 3 Trent Road NORTH ROCKS,116.32473,39.92356
10000414,VHA Lattice Tower 6 TAAFFEE Street PORT HEDLAND,116.3654,39.85734
10000415,Airservices NDB Site Shepparton Airport SHEPPARTON,116.47622,39.95659
10000416,Airservices ADSB Antenna Pole Mt Hardgrave Radar Site NORTH STRADBROKE ISLAND,116.5647237,40.0714145
10000417,Leading Edge Computers 38 Paterson St TENNANT CREEK,116.00828,39.70334
10000418,Airport Maintenance Hangar Coffs Harbour Airport COFFS HARBOUR,116.3408067,39.91714163
10000419,Ballina Byron Gateway Airport Terminal Southern Cross Drive BALLINA,116.3919047,39.82470242
10000420,48 Weippin St Cleveland,116.65541,39.90996
10000421,Boco Rock Wind Farm Avon Lake Road Boco,116.33586,39.90549
10000422,QR Site Hervey Street MINGELA,116.31804,39.98819
10000423,Shopping Centre 42 Park St YEPPOON,116.27638,39.95554
10000424,Telstra Exchange Cassia Court Greenvale,116.3395,39.96437
10000425,Gallipoli Barracks Oval 236 Lloyd Street ENOGGERA,116.37189,39.8893
10000426,Waratah 18 Skylark St Slade Point,116.38087,39.99064
10000427,Myer Werribee Cnr Derrimut & Heaths Rd Werribee,116.43711,39.8924
10000428,Uni Campus 369 Stud Rd WANTIRNA,116.50607,40.01113
10000429,Uni Campus 12-50 Norton Rd CROYDON,116.40783,39.85568
10000430,Pool in the Park cnr Kidds Road and Tristiana Street DOVETON,116.376729,39.96565082
10000431,15 Blackman Crescent South Windsor,116.357613,39.9038254
10000432,Riverview Silo Complex 695 Merungle Road Hillston,116.50607,40.01113
10000433,74 Eastern Road SOUTH MELBOURNE,116.37289,39.94746
10000434,Kmart Northlakes North Lakes Drive NORTH LAKES,116.38548,39.83819
10000435,24 - 28 Gordon St PADDINGTON,116.46378,39.89177
10000436,Shop 1 - 3 Citi Centre Arcade  139 Rundle Mall ADELAIDE,116.3426443,39.85951163
10000437,23 - 25 Churchill Ave STRATHFIELD,116.15399,39.8087
10000438,Officeworks Mulgrave 6 Industry Rd MULGRAVE,116.30346,39.97886
10000439,2 - 10 Hurley Dr COFF HARBOUR,116.44167,39.87057
10000440,Viridian CSR 13 - 27 Whiteside Rd CLAYTON SOUTH,116.4023,39.93626
10000441,73 - 75 Victoria St WEST END,116.363,39.94646
10000442,1 Marden St ARTARMON,116.4227,39.86426
10000443,201 Odwyer Rd NAGAMBIE,116.3419,40.00806
10000444,DGPS Site SE cnr of Tourle St and Cormorant Rd KOORGANG ISLAND,116.35047,39.90325
10000445,95-101 Flinders Lane Melbourne,116.419163,39.89400723
10000446,Shopping Centre 2 Birmingham Street South Penrith,116.29082,39.93965
10000447,EAS Site Kennett River Jeep Track Wye River,116.4310822,39.93429444
10000448,Holcim Australia Regional Distribution Centre 21 Kellogg Road Rooty Hill,116.33079,40.0263
10000449,Lot125/SP172357 Hensley Drive CLONCURRY,116.30743,39.93943
10000450,NBN Co Site 155 Harts Road LUSCOMBE,116.56694,40.07103
10000451,NBN Co 910 Pimpana Jacobs Well Road Norwell,116.22983,39.88887
10000452,NBN Co 244 Tablelands Road COORAN,116.5078,39.8622
10000453,NBN Co Cnr Barray & Strachan Streets Birregurra,116.7866767,39.77890628
10000454,"Airport Lighting Room, Archerfield Airport 381 Beatty Road Archerfield BRISBANE 4108",116.40729,39.91004
10000455,"Airport Lighting Bldg, Rockhampton Airport Lot 6 Canoona Rd ROCKHAMPTON",116.47622,39.95659
10000456,Telstra Exchange LOT 3004 Muir Highway Dingup,116.43964,39.95508
10000458,Hammond Grove Compound Wattleup Road WATTLEUP,116.3116985,39.97499439
10000459,Officeworks Waurn Ponds 213 - 217 Colac Rd WAURN PONDS,116.3983395,39.94778714
10000460,Orion Hotel 1 Main St SPRINGFIELD CENTRAL,116.44422,39.92078
10000461,1 - 5 Cameron St SOUTH BRISBANE,116.47075,39.96542
10000462,Maningrida solar array  Maningrida,116.4654833,39.98469826
10000463,Maningrida power station  Maningrida,116.30045,39.96105
10000464,TL132 Transgrid 500kV Tower Off Boyds Trail Central MacDonald,116.40508,39.92336
10000465,Tower crane 393 Swanston St Melbourne,116.29667,39.9628
10000466,Telstra Site Off Quinalow-Moola Road Quinalow,116.3733394,39.99856047
10000467,Telstra Site 1198 Wherrol Flat Road Wherrol Flat,116.46181,39.95403
10000468,Telstra Exchange 21 Madigan Road Carrara,116.38545,39.90997
10000469,Telstra Site 19 Ballantyne Road Nethercote,116.35375,39.91084
10000470,Telstra Site Off Grass Patch Road Grass Patch,116.36728,39.8516
10000471,Telstra Site 34 Broome Road FLOWERDALE,116.3618,39.86291
10000472,Telstra Exchange 5321 Casterton-Edenhope Road Kadnook,116.479334,39.86986286
10000473,Telstra Site 6218 Nerriga Road Nerriga,116.3191143,39.89915571
10000474,Telstra Exchange 2 Owen Road Parkerville,116.4730583,39.92269121
10000475,Level 2 South Tower 407 Pacific Highway Artarmon,116.3411049,40.03029029
10000476,10 Livestock Way PAKENHAM,116.3507637,39.93697419
10000477,42 Parkwood Terrace POINT COOK,116.05799,39.64065
10000478,429 Docklands Drive DOCKLANDS,116.3495123,39.93495395
10000479,100 Swan Street Richmond,116.4023,39.93626
10000480,UG Comms Hut Edna May Minesite 2 km North of WESTONIA,116.34258,39.85953
10000481,Telstra Site 14-18 Bullivant Street Wangaratta,116.38087,39.99064
10000482,Telstra Site 4850 New England Highway Falconer,116.42695,39.92609
10000483,Telstra Site Cnr Mt McDonald Road and Darby Falls Road Darbys Falls,116.4089563,39.867527
10000484,"Telstra Temporary Gap Road, 8.5km SW of Port Augusta",116.4542528,39.90319931
10000485,Telstra Exchange 5 Evans Street Mount Helena,116.34258,39.85953
10000486,Optus COW city2surf Campbell Parade Bondi Beach,116.47622,39.95659
10000487,Telstra Exchange 111 Girrawheen Avenue Girrawheen,116.3506388,39.96728233
10000488,Broadcast Site Shag ISLET GLOUCESTER PASSAGE,116.3650384,39.87697442
10000489,Telstra Site 109 Chinkapook-Nyah West Road Chinkapook,116.43043,39.93958
10000490,Abbotsford 402 Great North Road ABBOTSFORD,116.44425,39.91354
10000491,Telstra Site Cnr Majura Road and Meddhung Road Pialligo,116.3562,39.92627
10000492,Redlynch Intake Road Redlynch,116.33917,39.88835
10000494,CorioWest 340 Bacchus Marsh Rd CORIO,116.3786185,39.88805515
10000495,Telstra Site Cnr Rothschild Street and Frenshams Drive Woodcroft,116.4269916,39.94843667
10000496,Police Beat Seaforth 3 Joe Johnson Street SEAFORTH,116.44312,39.82556
10000497,Telstra IBC Cnr Winthrop Ave and Monash Ave Nedlands,116.4385,39.94006
10000498,Fire Station  509 Main South Road DROUIN SOUTH,116.41404,39.99488
10000499,370 Johnston Street ABBOTSFORD,116.41577,39.88265
100005,30 Flint Street Inala,116.39555,39.96927
10000500,77 Millers Road Brooklyn,116.33644,39.96156
10000501,Optus Site Midlands Highway SPRING HILL TIER,116.4019152,39.9247468
10000502,NBN Co Site 105-135 St Andrews Drive LARA,116.46833,39.89947
10000503,NBNCo 39 You Yangs Road Little River,116.3392043,39.88603
10000504,8 Jackson Drive MASCOT,116.33034,39.906
10000505,388 Lonsdale Street MELBOURNE,116.2762933,39.88834667
10000506,132kV Substation The Peak Way Cobar,116.46181,39.95403
10000507,Allied Mills Tamworth 176 Marius St Tamworth,116.55194,40.07121
10000508,Hospital Gate A  Beane St West GOSFORD,116.3170722,39.95788945
10000509,Tasmanet Rooftop Site Marist Middle Campus 32A Futuna Ave PARK GROVE,116.22488,39.84733
10000510,RAAF Base Medowie Rd  (600m N of Townsend Ave) WILLIAMTOWN,116.36824,39.87536
10000511,733 Scenic Drive Manildra,116.3594426,39.9760441
10000512,Wanneroo Community Pharmacy 9 Colan Ave Wanneroo,116.58217,40.06481
10000513,Obela Global 3 Norman Crescent Cavan,116.4352695,40.02139344
10000515,NBN Co 90 Old Coach Road Skenes Creek,116.45712,39.91218
10000516,Tango RBS Minesite ROY HILL,116.50982,40.01087
10000517,Tasmanet Rooftop Site 148 Channel Hwy TAROONA,116.21992,39.89224
10000518,Barwon Prison 1140 Bacchus Marsh Road LARA,116.3517996,39.91398027
10000519,Nth cnr Miller Street and Pacific Highway NORTH SYDNEY,116.3936767,39.86466465
10000520,NBN Co 140 Stead Road Jiggi,116.4023,39.93626
10000521,NBN Co 207 Terania Street North Lismore,116.4854235,39.96284155
10000522,NBN Co 2981 Kyogle Road Kunghur,116.4730673,40.01214333
10000523,NBN Co 25 Sandalwood Drive Caniaba,116.42353,39.88911
10000524,15 Walter Crescent LAWNTON,116.7760043,39.82156714
10000526,NBNCo 1200-1220 Mount Cottrell Road Melton South,116.40059,39.90952
10000527,Veolia Banksmeadow Transfer Terminal 14 Beauchamp Road Banksmeadow,116.31294,39.90649
10000528,Brightwater Linen 107 Beringarra Drive MALAGA,116.41335,40.02066
10000529,NBN Co Site 815 Gembrook - Launching Place Road Hoddles Creek,116.3183677,39.96794039
10000530,NBN Co Site 75 Angus Road Yellingbo,116.36757,39.91315
10000531,NBN Co Site 773 Warburton Highway Seville East,116.48371,39.97493
10000532,11 Veno Street HEATHCOTE,116.4665,39.89209
10000533,NBNCo 625 Diggers Road Werribee South,116.41372,39.89931
10000534,61 Uplands Drive PARKWOOD,116.31747,39.95537
10000535,50 McKell Avenue Wagga Wagga,116.4578082,39.95684452
10000536,Southport Shopping Centre 232-262 Bunnerong Road HILLSDALE,116.34258,39.85953
10000537,The Valley Plaza 187 Wilson Road GREEN VALLEY,116.3980997,39.98951438
10000538,34-40 Elizabeth Street RICHMOND,116.31804,39.98819
10000539,165-167 Gladstone Street SOUTH MELBOURNE,116.3397439,39.96646258
10000540,Cock Eyed Bob Mine Admin 77 km SE of  Kalgoorlie,116.4407649,39.96133933
10000541,Lara 10 SPS 1140 Bacchus-Marsh Rd Lara,116.30476,39.92691
10000542,ME980Y McManus Rd  Corio,116.43951,39.83843
10000543,7 Bass Drive BAULKAM HILLS,116.3129662,39.98421887
10000544,Power station  Wadeye,116.42752,39.95076
10000545,379-397 Whitehorse Rd Nunawading,116.3345,39.89615
10000546,NBNCo 308 Coorabell Road Coorabell,116.29411,39.96291
10000547,1 - 5 Cameron St SOUTH BRISBANE,116.35375,39.91084
10000548,111 - 113 Inkernab St ST KILDA,116.5009891,40.00699154
10000549,192 Swan St RICHMOND,116.4959672,39.97081154
10000550,Kmart Gungahlin 33 Hiberson st GUNGAHLIN,116.44065,39.83963
10000551,Walgett Community College high school 36 - 48 Arthur St WALGETT,116.4402569,39.99060343
10000553,14 Beauchamp Rd BANKSMEADOW,116.445089,39.82471935
10000554,NBN Co 51 Berzins Court Bahrs Scrub,116.48349,39.96978
10000555,NBN Co 664-672 Waterford - Tamborine Road Buccan,116.3570481,39.89790037
10000556,Chevron Renaissance Tower 3 23 Ferny Avenue SURFERS PARADISE,116.35725,39.91164
10000557,193-195 Springvale Road NUNAWADING,116.36728,39.8516
10000558,The Workshops Rail Museum 10A North Street NORTH IPSWICH,116.10227,39.962
10000559,80 Baldocks Rd Mole Creek,116.4020489,39.8989601
10000560,NBN Co 182 Beashells Lane Bergalla,116.49148,39.97065
10000561,5 Shirley St ROSEHILL,116.4972,39.9641
10000562,Telstra Exchange Cnr John Street and Moir Street Borden,116.4575,39.90725
10000563,GNSS Site Terminal Drive COOLANGATTA,116.33368,39.88856
10000564,Essential Energy Substation 68-76 Tongs Street Finley,116.313141,39.89574029
10000565,(Rear of)  377 Botany Road ZETLAND,116.3508152,39.93024048
10000566,NBN Co 160 Seymour Road Nar Nar Goon North,116.34925,39.93794
10000567,NBN Co 60 Hoyles Road Pakenham Upper,116.45485,39.90588
10000568,12 Capital Place CARRUM DOWNS,116.5096,40.00841
10000569,St Marks Primary School 4-6 Dimar Court DINGLEY VILLAGE,116.38087,39.99064
10000570,Gate 1  Bantry Bay Road FRENCHS FOREST,116.34942,39.95594
10000571,Telstra Site North Road Shire of Murray Solus,116.32091,39.89588
10000572,69 High Street WAUCHOPE,116.3150752,39.90356548
10000573,19-33 Morton Street PORT MACQUARIE,116.32353,40.05407
10000574,Shop 412 Harbourside Shopping Centre 231/2-10 Darling Drive DARLING HARBOUR,116.4296421,39.9063824
10000575,OfficerEast 50 Mary Street PAKENHAM,116.43368,39.93428
10000576,NBN Co 310 Tooradin Station Road Dalmore,116.77441,40.14305
10000577,NBN Co  15 Meadow Road Devon Meadows,116.50607,40.01113
10000578,41 Harrowfield Dr BUNGENDORE,116.29601,39.8962
10000579,105 Pheasants Rd WEDDERBURN,116.42003,39.9353
10000580,NBN Co Site 155 Wyee Farms Road WYEE,116.34985,39.94164
10000581,NBN Co 170 Taylors Road Cooranbong,116.43951,39.83843
10000582,NBN Co Rocky Point Road Eraring,116.28217,39.95963
10000583,NBN Co 32 Dakara Crescent Wallarah,116.4137,39.90773
10000584,NBN Co Site Buangi Road Fire Trail Durren Durren,116.46086,40.01462
10000585,Tanterfield Kildare Rd Tanterfield,116.4153109,39.90101057
10000586,NBN Co 60m tower 5 Marion Place JILLIBY,116.3472,39.98308
10000587,Southlands Boulevarde Shopping Centre 45 Burrendah Boulevard Willetton,116.3440356,39.94037538
10000588,Millenium Underground Project 23 km WNW of KALGOORLIE,116.4137,39.90773
10000589,145 Shell Road OCEAN GROVE,116.44749,39.95055
10000590,VHA Rooftop Site Uni Hill Factory Outlets 2 Janfield Drive BUNDOORA,116.35393,39.90592
10000591,VHA Rooftop Site Nepean Village 122-126 Station Street PENRITH,116.48341,39.90350182
10000592,VHA Monopole Mt Nathan NERANG,116.52448,39.87147
10000593,Derrimut North 30 Fulton Drive DERRIMUT,116.45348,39.90729
10000594,6 Jenyor Street YAROOMBA,116.4537191,39.86684109
10000595,4-10 Heslop Place BURNSIDE,116.45565,39.89398
10000596,82 Protea Drive BONGAREE,116.401666,39.991272
10000597,126 Stradbroke Avenue Swan Hill,116.32813,39.88716
10000598,Gatehouse Larrakeyah Barracks Allen Avenue Larrakeyah,116.42474,39.89352
10000599,Gatehouse Robertson Barracks Robertson Road Holtze,116.5661831,40.07106345
100006,Gatehouse RAAF Base Amaroo Road Darwin,116.45485,39.90588
10000600,Georgiou DGPS transmitter 22637 Bruce Highway TINANA,116.32813,39.88716
10000601,GSM Site St Peters Pass VINCENTS HILL,116.41189,39.90883
10000602,39-47 Regent Street CHIPPENDALE,116.4514638,39.84315414
10000603,Cnr Norfolk Ave and Oak Ave Surfers Paradise,116.38247,39.88829
10000604,Christmas Island Internet Administration Limited Jacks Hill CHRISTMAS ISLAND,116.48943,39.97047
10000605,Christmas Island Internet Administration Limited Poon Saan Cinema CHRISTMAS ISLAND,116.31068,39.98057
10000606,Christmas Island Internet Administration Limited Seaview Lodge CHRISTMAS ISLAND,116.30431,39.85036
10000607,Christmas Island Internet Administration Limited Taaman Sweetlands Community Hall CHRISTMAS ISLAND,116.4085133,39.8995602
10000608,Christmas Island Internet Administration Limited Flying Fish Cove Wharf CHRISTMAS ISLAND,116.45552,39.90282
10000609,Christmas Island Internet Administration Limited Australian Border Force Radar Tower CHRISTMAS ISLAND,116.48506,39.91244
10000610,Telstra Exchange 3 Albrechts Road Murra Warra,116.56694,40.07103
10000611,Telstra Site Leigh Place Richmond,116.4728222,39.90715296
10000612,Telstra Temporary Off Thompson Developmental Road Jundah,116.3642698,39.93883153
10000613,22 Breese Street Brunswick,116.42695,39.92609
10000614,92 Maroondah Hwy   Ringwood,116.4201994,39.92262755
10000615,7 Red Hill Tce Doncaster East,116.38065,39.85472
10000616,2/36 Irvine Dr MALAGA,116.40223,39.94833
10000617,Shell Aviation Depot 655 Wackett St BANKSTOWN 2200,116.4446529,39.98151609
10000618,52 Haig Street SOUTHBANK,116.35012,39.93431
10000619,Airservices VHF Tower Mt Barrow Compound MT BARROW,116.4107439,39.90732718
10000620,Light Pole Cnr Salamanca Place and Montpelier Retreat HOBART,116.63598,40.3399
10000621,NBN Co Jack Street Herberton,116.32775,39.88888
10000622,Ungarra Optus 60m tower 176 Mount Hill Rd Ungarra,116.43711,39.8924
10000623,South Callandoon Radio Site 1911 Barwon Hwy GOONDIWINDI,116.31531,39.90343
10000624,Canobie East Radio Site via Burke Development Rd CANOBIE,116.58297,40.06437
10000625,58 Springbank Street TULLAMARINE,116.36296,39.97734
10000626,270 Alphatonia Road LAMBELS LAGOON,116.45549,39.9178
10000627,Off Lake Grace-Newdegate Road NEWDEGATE,116.40234,39.85568
10000629,WestConnex M4 East Cnr Homebush Bay Drive & M4 Motorway Homebush,116.327304,39.8888209
10000630,BOM Station Approximately 1.2km South of Fire Road SOUTH DOODLAKINE,116.46231,39.97084
10000631,Broadcast Site Corner of Brisbane and Lawrence Street LAUNCESTON,116.51013,40.0115
10000632,Shopping Centre Rooftop 1-29 Carthew Street Thuringowa Central,116.48943,39.97047
10000633,Optus Monopole Scott Street Parramatta Park,116.4665,39.89209
10000634,172 Oxlade Drive New Farm,116.56454,40.07082
10000635,NBN Co Site 525 Tarrango Road Gladysdale,116.5658,40.0703
